<?xml version="1.0" encoding="UTF-8"?>
<project-private xmlns="http://www.netbeans.org/ns/project-private/1">
    <editor-bookmarks xmlns="http://www.netbeans.org/ns/editor-bookmarks/2" lastBookmarkId="0"/>
    <open-files xmlns="http://www.netbeans.org/ns/projectui-open-files/2">
        <group>
            <file>file:/C:/Users/PC-VICKY1/Documents/NetBeansProjects/Recruitment/src/View/Main.java</file>
            <file>file:/C:/Users/PC-VICKY1/Documents/NetBeansProjects/Recruitment/src/Controller/Controller.java</file>
            <file>file:/C:/Users/PC-VICKY1/Documents/NetBeansProjects/Recruitment/src/Model/Recruitment/InterfaceDAO.java</file>
            <file>file:/C:/Users/PC-VICKY1/Documents/NetBeansProjects/Recruitment/src/View/Recruitment/InputData.java</file>
            <file>file:/C:/Users/PC-VICKY1/Documents/NetBeansProjects/Recruitment/src/Model/Recruitment/Model.java</file>
            <file>file:/C:/Users/PC-VICKY1/Documents/NetBeansProjects/Recruitment/src/View/Home.java</file>
            <file>file:/C:/Users/PC-VICKY1/Documents/NetBeansProjects/Recruitment/src/Model/Connector.java</file>
            <file>file:/C:/Users/PC-VICKY1/Documents/NetBeansProjects/Recruitment/src/View/Recruitment/EditData.java</file>
            <file>file:/C:/Users/PC-VICKY1/Documents/NetBeansProjects/Recruitment/src/Model/Recruitment/ModelTable.java</file>
            <file>file:/C:/Users/PC-VICKY1/Documents/NetBeansProjects/Recruitment/src/View/Recruitment/ViewData.java</file>
            <file>file:/C:/Users/PC-VICKY1/Documents/NetBeansProjects/Recruitment/src/Model/Recruitment/DAO.java</file>
        </group>
    </open-files>
</project-private>
